date,SPY,QQQ
2024-01-02,471.27,400.83
2024-01-03,467.75,397.74
2024-01-04,470.59,399.68
2024-01-05,474.12,403.84
2024-01-08,467.32,398.71
2024-01-09,462.9,394.61
2024-01-10,463.53,395.75
2024-01-11,462.61,394.92
2024-01-12,462.74,395.03
2024-01-15,459.94,391.2
2024-01-16,463.18,394.83
2024-01-17,466.08,397.53
2024-01-18,466.5,401.08
2024-01-19,470.66,407.58
2024-01-22,472.51,410.01
2024-01-23,469.63,405.95
2024-01-24,471.12,405.72
2024-01-25,467.9,404.35
2024-01-26,471.19,408.02
2024-01-29,471.2,408.76
2024-01-30,470.73,405.59
2024-01-31,468.49,404.79
2024-02-01,473.01,409.97
2024-02-02,472.64,407.88
2024-02-05,471.3,405.81
2024-02-06,470.23,405.16
2024-02-07,472.31,407.29
2024-02-08,473.8,408.32
2024-02-09,475.47,409.8
2024-02-12,477.2,411.13
2024-02-13,485.12,419.21
2024-02-14,483.82,420.24
2024-02-15,482.14,414.48
2024-02-16,479.37,411.36
2024-02-19,481.79,414.02
2024-02-20,486.09,418.73
2024-02-21,485.87,417.92
2024-02-22,482.97,412.27
2024-02-23,480.15,410.01
2024-02-26,482.71,415.19
2024-02-27,485.61,415.65
2024-02-28,487.8,419.16
2024-02-29,485.54,416.4
2024-03-01,486.58,417.33
2024-03-04,487.2,416.27
2024-03-05,488.2,416.72
2024-03-06,491.61,422.11
2024-03-07,492.64,424.05
2024-03-08,495.36,429.52
2024-03-11,495.81,431.87
2024-03-12,497.09,433.87
2024-03-13,499.66,439.3
2024-03-14,494.35,434.66
2024-03-15,493.36,435.01
2024-03-18,491.8,432.93
2024-03-19,489.62,430.83
2024-03-20,488.79,428.86
2024-03-21,494.51,436.22
2024-03-22,491.47,431.19
2024-03-25,495.26,436.29
2024-03-26,489.16,429.78
2024-03-27,488.12,430.63
2024-03-28,488.91,432.65
2024-03-29,491.27,438.02
2024-04-01,494.11,442.14
2024-04-02,497.27,442.76
2024-04-03,496.15,441.5
2024-04-04,494.62,437.96
2024-04-05,498.02,440.57
2024-04-08,497.5,442.55
2024-04-09,492.9,438.9
2024-04-10,488.87,433.61
2024-04-11,485.67,428.68
2024-04-12,487.68,430.78
2024-04-15,488.4,429.52
2024-04-16,491.15,431.2
2024-04-17,489.75,430.3
2024-04-18,490.54,432.96
2024-04-19,493.05,436.5
2024-04-22,492.09,431.74
2024-04-23,493.99,434.15
2024-04-24,491.71,431.96
2024-04-25,490.56,431.46
2024-04-26,489.34,432.86
2024-04-29,485.11,425.18
2024-04-30,487.08,426.22
2024-05-01,485.55,425.62
2024-05-02,485.79,423.31
2024-05-03,487.75,427.63
2024-05-06,489.59,430.07
2024-05-07,492.24,434.13
2024-05-08,492.07,433.01
2024-05-09,490.69,432.94
2024-05-10,490.59,434.58
2024-05-13,484.53,428.79
2024-05-14,479.42,423.96
2024-05-15,474.82,419.71
2024-05-16,471.43,414.89
2024-05-17,473.04,416.28
2024-05-20,469.99,412.95
2024-05-21,468.83,412.37
2024-05-22,473.62,418.77
2024-05-23,472.53,415.99
2024-05-24,475.36,418.64
2024-05-27,472.19,417.77
2024-05-28,471.64,416.04
2024-05-29,468.44,411.5
2024-05-30,467.43,410.78
2024-05-31,470.58,415.28
2024-06-03,464.63,409.24
2024-06-04,466.34,413.03
2024-06-05,467.36,415.4
2024-06-06,465.45,414.76
2024-06-07,460.54,410.6
2024-06-10,460.98,414.65
2024-06-11,459.31,412.61
2024-06-12,460.3,410.5
2024-06-13,460.56,413.25
2024-06-14,466.32,418.47
2024-06-17,465.66,417.96
2024-06-18,462.25,416.49
2024-06-19,463.06,414.81
2024-06-20,464.01,413.82
2024-06-21,468.96,416.39
2024-06-24,472.11,418.35
2024-06-25,473.57,420.53
2024-06-26,479.0,426.9
2024-06-27,474.88,423.12
2024-06-28,472.77,418.7
2024-07-01,469.65,411.85
2024-07-02,468.45,410.73
2024-07-03,463.76,405.26
2024-07-04,466.17,408.38
2024-07-05,465.57,408.86
2024-07-08,460.58,404.03
2024-07-09,457.23,401.8
2024-07-10,458.5,403.42
2024-07-11,461.58,407.35
2024-07-12,468.73,413.51
2024-07-15,479.24,423.89
2024-07-16,480.93,425.92
2024-07-17,477.53,423.77
2024-07-18,470.02,415.47
2024-07-19,471.16,417.44
2024-07-22,468.45,414.26
2024-07-23,467.17,412.76
2024-07-24,465.19,412.04
2024-07-25,464.88,408.62
2024-07-26,468.81,410.58
2024-07-29,469.55,409.03
2024-07-30,469.17,405.04
2024-07-31,465.69,400.53
2024-08-01,459.98,396.01
2024-08-02,458.47,394.09
2024-08-05,458.46,394.38
2024-08-06,464.77,402.24
2024-08-07,465.42,404.89
2024-08-08,469.06,408.42
2024-08-09,467.47,408.92
2024-08-12,463.47,405.03
2024-08-13,460.27,400.53
2024-08-14,457.93,397.28
2024-08-15,465.48,402.59
2024-08-16,462.78,398.54
2024-08-19,465.89,401.08
2024-08-20,462.9,399.33
2024-08-21,466.34,405.34
2024-08-22,467.89,404.76
2024-08-23,467.52,404.99
2024-08-26,467.56,403.43
2024-08-27,465.43,402.04
2024-08-28,467.18,403.58
2024-08-29,465.76,399.37
2024-08-30,461.63,396.69
2024-09-02,457.36,391.55
2024-09-03,458.13,391.53
2024-09-04,463.78,395.49
2024-09-05,464.53,395.24
2024-09-06,464.3,395.65
2024-09-09,465.48,396.52
2024-09-10,470.26,401.69
2024-09-11,471.23,403.19
2024-09-12,469.95,403.94
2024-09-13,474.07,407.48
2024-09-16,475.8,406.91
2024-09-17,481.51,414.16
2024-09-18,482.37,414.48
2024-09-19,478.09,412.0
2024-09-20,473.34,407.88
2024-09-23,479.43,413.72
2024-09-24,485.87,420.64
2024-09-25,485.4,423.28
2024-09-26,484.19,425.38
2024-09-27,489.73,431.08
2024-09-30,485.83,427.39
2024-10-01,482.73,425.99
2024-10-02,485.27,427.2
2024-10-03,484.02,426.46
2024-10-04,484.19,426.59
2024-10-07,483.79,426.68
2024-10-08,485.21,426.78
2024-10-09,490.57,429.63
2024-10-10,491.1,426.79
2024-10-11,493.68,427.57
2024-10-14,486.23,419.39
2024-10-15,486.24,418.94
2024-10-16,483.34,419.12
2024-10-17,479.07,416.62
2024-10-18,476.08,412.11
2024-10-21,475.07,411.64
2024-10-22,478.55,414.46
2024-10-23,473.94,409.42
2024-10-24,474.24,410.0
2024-10-25,472.69,409.42
2024-10-28,471.71,407.91
2024-10-29,475.47,413.29
2024-10-30,477.59,413.62
2024-10-31,482.61,418.62
2024-11-01,482.24,422.35
2024-11-04,479.89,420.34
2024-11-05,479.27,421.99
2024-11-06,480.34,423.21
2024-11-07,481.17,424.98
2024-11-08,477.42,421.07
2024-11-11,477.93,421.32
2024-11-12,478.95,421.1
2024-11-13,488.25,431.19
2024-11-14,495.37,437.03
2024-11-15,492.38,435.08
2024-11-18,491.5,435.97
2024-11-19,486.26,431.22
2024-11-20,484.28,428.73
2024-11-21,485.63,430.83
2024-11-22,490.25,435.04
2024-11-25,487.74,434.01
2024-11-26,485.52,428.73
2024-11-27,477.83,420.38
2024-11-28,477.44,416.81
2024-11-29,473.79,410.79
2024-12-02,472.08,411.2
2024-12-03,469.14,409.64
2024-12-04,468.99,408.37
2024-12-05,462.95,399.99
2024-12-06,458.0,390.59
2024-12-09,465.55,397.19
2024-12-10,461.2,396.55
2024-12-11,457.56,393.6
2024-12-12,464.1,399.23
2024-12-13,474.47,410.19
2024-12-16,470.46,403.77
2024-12-17,469.34,402.21
2024-12-18,470.74,403.73
2024-12-19,477.07,409.85
2024-12-20,473.7,407.74
2024-12-23,473.01,407.58
2024-12-24,475.98,411.54
2024-12-25,477.73,412.21
2024-12-26,476.57,412.45
2024-12-27,476.27,414.69
2024-12-30,471.51,408.4
2024-12-31,470.85,406.36
