datetime,ticker,action,qty,price,currency,commission
2024-01-15,MSFT,BOT,20,375.2,USD,1.0
2024-01-22,NVDA,BOT,8,612.0,USD,1.0
2024-02-05,ORCL,BOT,30,118.4,USD,1.0
2024-02-20,META,BOT,14,488.0,USD,1.0
2024-03-04,AMD,BOT,25,172.0,USD,1.0
2024-03-11,MSFT,BOT,10,402.5,USD,1.0
2024-03-25,PLTR,BOT,80,18.2,USD,1.0
2024-04-08,GOOGL,BOT,16,174.0,USD,1.0
2024-04-22,AMZN,BOT,18,193.0,USD,1.0
2024-05-06,CRM,BOT,20,298.0,USD,1.0
2024-05-20,TSLA,BOT,12,241.0,USD,1.0
2024-06-03,SPY,SLD,10,521.0,USD,1.0
2024-06-17,MSFT,SLD,25,441.0,USD,1.0
2024-07-08,AMD,SLD,15,148.0,USD,1.0
2024-08-05,TSLA,SLD,20,210.0,USD,1.0
2024-08-19,NVDA,SLD,4,890.0,USD,1.0
2024-09-09,SPY,BOT,6,549.0,USD,1.0
2024-09-23,PLTR,SLD,40,36.5,USD,1.0
2024-10-07,META,SLD,7,583.0,USD,1.0
2024-10-21,TSLA,BOT,8,220.0,USD,1.0
2024-11-04,CRM,SLD,10,329.0,USD,1.0
2024-11-18,GOOGL,SLD,16,172.5,USD,1.0
2024-12-02,AMZN,SLD,9,207.0,USD,1.0
2024-12-16,ORCL,SLD,30,168.0,USD,1.0
